24 , 19-11-2019 , 10:45:00
24 , 19-11-2019 , 10:50:00
24 , 19-11-2019 , 10:55:00
24 , 19-11-2019 , 11:00:00
24 , 19-11-2019 , 11:05:00
24 , 19-11-2019 , 11:10:00
24 , 19-11-2019 , 11:15:00
24 , 19-11-2019 , 11:20:00
24 , 19-11-2019 , 11:30:00
24 , 19-11-2019 , 11:35:00
24 , 19-11-2019 , 11:40:00
24 , 19-11-2019 , 11:50:00
24 , 19-11-2019 , 11:55:00
24 , 20-11-2019 , 12:00:00
24 , 20-11-2019 , 12:05:00
24 , 20-11-2019 , 12:10:00
24 , 20-11-2019 , 12:15:00
24 , 20-11-2019 , 12:20:00
24 , 20-11-2019 , 12:25:00
24 , 20-11-2019 , 12:30:00
24 , 20-11-2019 , 12:35:00
26 , 20-11-2019 , 12:40:00
24 , 20-11-2019 , 12:45:00
24 , 20-11-2019 , 12:55:00
24 , 20-11-2019 , 01:00:00
24 , 20-11-2019 , 01:05:00
24 , 20-11-2019 , 01:10:00
24 , 20-11-2019 , 01:15:00
24 , 20-11-2019 , 01:20:00
24 , 20-11-2019 , 01:25:00
24 , 20-11-2019 , 01:30:00
26 , 20-11-2019 , 01:35:00
24 , 20-11-2019 , 01:40:00
24 , 20-11-2019 , 01:50:00
24 , 20-11-2019 , 01:55:00
24 , 20-11-2019 , 02:10:00
24 , 20-11-2019 , 02:15:00
26 , 20-11-2019 , 02:20:00
24 , 20-11-2019 , 02:25:00
24 , 20-11-2019 , 02:40:00
24 , 20-11-2019 , 02:45:00
24 , 20-11-2019 , 02:50:00
24 , 20-11-2019 , 02:55:00
24 , 20-11-2019 , 03:00:00
24 , 20-11-2019 , 03:15:00
24 , 20-11-2019 , 03:20:00
24 , 20-11-2019 , 03:25:00
24 , 20-11-2019 , 03:35:00
24 , 20-11-2019 , 03:40:00
24 , 20-11-2019 , 03:45:00
24 , 20-11-2019 , 03:50:00
24 , 20-11-2019 , 04:00:00
24 , 20-11-2019 , 04:05:00
26 , 20-11-2019 , 04:10:00
24 , 20-11-2019 , 04:25:00
24 , 20-11-2019 , 04:30:00
24 , 20-11-2019 , 04:35:00
23 , 20-11-2019 , 04:40:00
23 , 20-11-2019 , 04:45:00
23 , 20-11-2019 , 04:50:00
23 , 20-11-2019 , 04:55:00
23 , 20-11-2019 , 05:00:00
23 , 20-11-2019 , 05:05:00
23 , 20-11-2019 , 05:15:00
23 , 20-11-2019 , 05:20:00
23 , 20-11-2019 , 05:25:00
23 , 20-11-2019 , 05:30:00
23 , 20-11-2019 , 05:35:00
23 , 20-11-2019 , 05:40:00
23 , 20-11-2019 , 05:45:00
23 , 20-11-2019 , 05:50:00
23 , 20-11-2019 , 05:55:00
23 , 20-11-2019 , 06:00:00
23 , 20-11-2019 , 06:05:00
23 , 20-11-2019 , 06:10:00
23 , 20-11-2019 , 06:15:00
23 , 20-11-2019 , 06:20:00
23 , 20-11-2019 , 06:25:00
23 , 20-11-2019 , 06:30:00
23 , 20-11-2019 , 06:35:00
23 , 20-11-2019 , 06:40:00
23 , 20-11-2019 , 06:45:00
23 , 20-11-2019 , 06:50:00
23 , 20-11-2019 , 06:55:00
23 , 20-11-2019 , 07:00:00
23 , 20-11-2019 , 07:05:00
23 , 20-11-2019 , 07:10:00
23 , 20-11-2019 , 07:15:00
23 , 20-11-2019 , 07:20:00
23 , 20-11-2019 , 07:25:00
23 , 20-11-2019 , 07:30:00
23 , 20-11-2019 , 07:35:00
23 , 20-11-2019 , 07:40:00
23 , 20-11-2019 , 07:45:00
23 , 20-11-2019 , 07:50:00
23 , 20-11-2019 , 08:00:00
23 , 20-11-2019 , 08:10:00
23 , 20-11-2019 , 08:15:00
23 , 20-11-2019 , 08:20:00
25 , 20-11-2019 , 08:25:00
23 , 20-11-2019 , 08:30:00
23 , 20-11-2019 , 08:35:00
23 , 20-11-2019 , 08:40:00
23 , 20-11-2019 , 08:45:00
23 , 20-11-2019 , 08:50:00
23 , 20-11-2019 , 08:55:00
25 , 20-11-2019 , 09:00:00
23 , 20-11-2019 , 09:05:00
23 , 20-11-2019 , 09:10:00
23 , 20-11-2019 , 09:15:00
23 , 20-11-2019 , 09:25:00
23 , 20-11-2019 , 09:35:00
23 , 20-11-2019 , 09:40:00
23 , 20-11-2019 , 09:45:00
23 , 20-11-2019 , 09:50:00
23 , 20-11-2019 , 09:55:00
23 , 20-11-2019 , 10:00:00
23 , 20-11-2019 , 10:05:00
23 , 20-11-2019 , 10:10:00
23 , 20-11-2019 , 10:15:00
23 , 20-11-2019 , 10:20:00
23 , 20-11-2019 , 10:25:00
23 , 20-11-2019 , 10:30:00
23 , 20-11-2019 , 10:35:00
23 , 20-11-2019 , 10:40:00
23 , 20-11-2019 , 10:55:00
23 , 20-11-2019 , 11:05:00
23 , 20-11-2019 , 11:10:00
23 , 20-11-2019 , 11:15:00
23 , 20-11-2019 , 11:20:00
23 , 20-11-2019 , 11:25:00
23 , 20-11-2019 , 11:30:00
23 , 20-11-2019 , 11:35:00
23 , 20-11-2019 , 11:40:00
23 , 20-11-2019 , 11:45:00
23 , 20-11-2019 , 11:50:00
23 , 20-11-2019 , 11:55:00
23 , 20-11-2019 , 12:00:00
23 , 20-11-2019 , 12:10:00
23 , 20-11-2019 , 12:15:00
23 , 20-11-2019 , 12:20:00
23 , 20-11-2019 , 12:25:00
25 , 20-11-2019 , 12:30:00
26 , 20-11-2019 , 12:35:00
26 , 20-11-2019 , 12:45:00
25 , 20-11-2019 , 12:50:00
26 , 20-11-2019 , 12:55:00
26 , 20-11-2019 , 01:05:00
26 , 20-11-2019 , 01:10:00
26 , 20-11-2019 , 01:15:00
25 , 20-11-2019 , 01:20:00
26 , 20-11-2019 , 01:25:00
26 , 20-11-2019 , 01:30:00
26 , 20-11-2019 , 01:35:00
25 , 20-11-2019 , 01:40:00
26 , 20-11-2019 , 01:45:00
26 , 20-11-2019 , 01:50:00
26 , 20-11-2019 , 01:55:00
26 , 20-11-2019 , 02:00:00
26 , 20-11-2019 , 02:10:00
27 , 20-11-2019 , 02:20:00
27 , 20-11-2019 , 02:25:00
27 , 20-11-2019 , 02:30:00
27 , 20-11-2019 , 02:35:00
26 , 20-11-2019 , 02:40:00
27 , 20-11-2019 , 02:50:00
27 , 20-11-2019 , 02:55:00
27 , 20-11-2019 , 03:00:00
27 , 20-11-2019 , 03:05:00
27 , 20-11-2019 , 03:10:00
35 , 20-11-2019 , 03:20:00
33 , 20-11-2019 , 03:25:00
33 , 20-11-2019 , 03:30:00
33 , 20-11-2019 , 03:40:00
34 , 20-11-2019 , 03:45:00
36 , 20-11-2019 , 03:50:00
33 , 20-11-2019 , 03:55:00
34 , 20-11-2019 , 04:05:00
34 , 20-11-2019 , 04:10:00
34 , 20-11-2019 , 04:15:00
35 , 20-11-2019 , 04:20:00
35 , 20-11-2019 , 04:25:00
34 , 20-11-2019 , 04:35:00
33 , 20-11-2019 , 04:40:00
33 , 20-11-2019 , 04:45:00
34 , 20-11-2019 , 04:50:00
34 , 20-11-2019 , 04:55:00
35 , 20-11-2019 , 05:00:00
33 , 20-11-2019 , 05:05:00
33 , 20-11-2019 , 05:10:00
50 , 20-11-2019 , 05:15:00
37 , 20-11-2019 , 05:20:00
33 , 20-11-2019 , 05:35:00
34 , 20-11-2019 , 05:50:00
34 , 20-11-2019 , 05:50:00
33 , 20-11-2019 , 05:55:00
33 , 20-11-2019 , 05:55:00
34 , 20-11-2019 , 06:00:00
34 , 20-11-2019 , 06:00:00
34 , 20-11-2019 , 06:10:00
34 , 20-11-2019 , 06:10:00
34 , 20-11-2019 , 06:15:00
34 , 20-11-2019 , 06:15:00
34 , 20-11-2019 , 06:20:00
34 , 20-11-2019 , 06:20:00
35 , 20-11-2019 , 06:25:00
35 , 20-11-2019 , 06:25:00
35 , 20-11-2019 , 06:35:00
35 , 20-11-2019 , 06:35:00
36 , 20-11-2019 , 06:45:00
35 , 20-11-2019 , 06:50:00
36 , 20-11-2019 , 06:55:00
38 , 20-11-2019 , 07:05:00
36 , 20-11-2019 , 07:10:00
36 , 20-11-2019 , 07:15:00
37 , 20-11-2019 , 07:20:00
35 , 20-11-2019 , 07:25:00
35 , 20-11-2019 , 07:30:00
36 , 20-11-2019 , 07:35:00
36 , 20-11-2019 , 07:45:00
34 , 20-11-2019 , 07:50:00
33 , 20-11-2019 , 07:55:00
38 , 20-11-2019 , 08:00:00
35 , 20-11-2019 , 08:10:00
34 , 20-11-2019 , 08:20:00
34 , 20-11-2019 , 08:25:00
34 , 20-11-2019 , 08:30:00
34 , 20-11-2019 , 08:35:00
35 , 20-11-2019 , 08:40:00
36 , 20-11-2019 , 08:50:00
39 , 20-11-2019 , 08:55:00
36 , 20-11-2019 , 09:00:00
36 , 20-11-2019 , 09:05:00
35 , 20-11-2019 , 09:10:00
36 , 20-11-2019 , 09:15:00
36 , 20-11-2019 , 09:20:00
36 , 20-11-2019 , 09:25:00
28 , 20-11-2019 , 09:30:00
28 , 20-11-2019 , 09:35:00
27 , 20-11-2019 , 09:45:00
27 , 20-11-2019 , 09:50:00
27 , 20-11-2019 , 09:55:00
27 , 20-11-2019 , 10:00:00
27 , 20-11-2019 , 10:05:00
28 , 20-11-2019 , 10:10:00
28 , 20-11-2019 , 10:15:00
28 , 20-11-2019 , 10:20:00
28 , 20-11-2019 , 10:25:00
31 , 20-11-2019 , 10:40:00
32 , 20-11-2019 , 10:45:00
32 , 20-11-2019 , 10:50:00
35 , 20-11-2019 , 10:55:00
36 , 20-11-2019 , 11:00:00
36 , 20-11-2019 , 11:05:00
36 , 20-11-2019 , 11:10:00
36 , 20-11-2019 , 11:15:00
36 , 20-11-2019 , 11:20:00
36 , 20-11-2019 , 11:25:00
34 , 20-11-2019 , 11:30:00
32 , 20-11-2019 , 11:35:00
28 , 20-11-2019 , 11:40:00
27 , 20-11-2019 , 11:45:00
26 , 20-11-2019 , 11:50:00
27 , 20-11-2019 , 11:55:00
27 , 21-11-2019 , 12:00:00
28 , 21-11-2019 , 12:05:00
26 , 21-11-2019 , 12:15:00
26 , 21-11-2019 , 12:20:00
26 , 21-11-2019 , 12:25:00
28 , 21-11-2019 , 12:30:00
26 , 21-11-2019 , 12:35:00
26 , 21-11-2019 , 12:40:00
26 , 21-11-2019 , 12:45:00
26 , 21-11-2019 , 01:00:00
26 , 21-11-2019 , 01:10:00
26 , 21-11-2019 , 01:25:00
26 , 21-11-2019 , 01:30:00
25 , 21-11-2019 , 01:35:00
25 , 21-11-2019 , 01:40:00
26 , 21-11-2019 , 01:45:00
26 , 21-11-2019 , 01:50:00
26 , 21-11-2019 , 02:00:00
25 , 21-11-2019 , 02:05:00
25 , 21-11-2019 , 02:10:00
25 , 21-11-2019 , 02:15:00
25 , 21-11-2019 , 02:20:00
25 , 21-11-2019 , 02:25:00
25 , 21-11-2019 , 02:30:00
25 , 21-11-2019 , 02:40:00
25 , 21-11-2019 , 02:50:00
25 , 21-11-2019 , 02:55:00
25 , 21-11-2019 , 03:05:00
25 , 21-11-2019 , 03:15:00
25 , 21-11-2019 , 03:20:00
25 , 21-11-2019 , 03:30:00
25 , 21-11-2019 , 03:35:00
25 , 21-11-2019 , 03:40:00
25 , 21-11-2019 , 03:45:00
25 , 21-11-2019 , 03:50:00
25 , 21-11-2019 , 03:55:00
25 , 21-11-2019 , 04:10:00
25 , 21-11-2019 , 04:15:00
25 , 21-11-2019 , 04:20:00
25 , 21-11-2019 , 04:25:00
25 , 21-11-2019 , 04:30:00
25 , 21-11-2019 , 04:40:00
25 , 21-11-2019 , 04:50:00
25 , 21-11-2019 , 05:00:00
25 , 21-11-2019 , 05:05:00
27 , 21-11-2019 , 05:15:00
25 , 21-11-2019 , 05:30:00
25 , 21-11-2019 , 05:40:00
25 , 21-11-2019 , 05:45:00
25 , 21-11-2019 , 05:50:00
25 , 21-11-2019 , 05:55:00
25 , 21-11-2019 , 06:00:00
25 , 21-11-2019 , 06:05:00
25 , 21-11-2019 , 06:10:00
25 , 21-11-2019 , 06:15:00
25 , 21-11-2019 , 06:25:00
25 , 21-11-2019 , 06:35:00
25 , 21-11-2019 , 06:40:00
25 , 21-11-2019 , 06:45:00
25 , 21-11-2019 , 06:50:00
25 , 21-11-2019 , 07:00:00
25 , 21-11-2019 , 07:05:00
24 , 21-11-2019 , 07:10:00
25 , 21-11-2019 , 07:15:00
25 , 21-11-2019 , 07:25:00
25 , 21-11-2019 , 07:30:00
